hub,n_destinations_in_file2,destinations,n_bullets_aggregated,top_specs,sample_desc_1_dest,sample_desc_1_text,sample_desc_2_dest,sample_desc_2_text,sample_desc_3_dest,sample_desc_3_text
Faux Saut Elastique,1,Prague,7,"1 Faux saut à l'élastique pour le futur marié || 1 bière par personne || Equipement de sécurité || 1 instructeur || 1 guide locale anglophone pour vous accompagner || Transfert aller-retour en minibus privatisé || Durée total de l'activité 1 heure (transfert inclus). Le faux saut a une courte durée, nous conseillons de réserver cette activité en combo ave le paintball ou le foot bulle",Prague,"Le Faux saut à l'élastique pour faire flipper le marié le jour de votre enterrement de vie de garçon, c'est l'activité qu'il vous faut à Prague. La guide vous récupère à votre hébergement avec le chauffeur et vous emmène en minibus privatisé vers le lieu de l'activité Faux saut à l'élastique. Le futur marié pense qu'il va effectuer à saut à l'élastique du haut d'un pont ou d'une tour et se met à stresser tout le long du trajet en minibus vers le lieu de l'activité. Il est important que tout le groupe joue le jeu sans en faire trop non plus; pas de ""Tu vas voir le saut à l'élastique c'est trop ",,,,
Hummer Lap Tour,12,Barcelone | Berlin | Bordeaux | Bucarest | Budapest | Cracovie | Ibiza | Lisbonne | Madrid | Porto | Prague | Varsovie,315,Présence de votre guide locale || Une bouteille de champagne local à bord || Possibilité d'ajouter un transfert aéroport retour en minibus privé sur demande (en supplément) || 1 bouteille de champagne local || Possibilité de mettre votre propre musique || Dernier créneau disponible: 23h || 2 bouteilles de vin pétillant || 1 bouteille de champagne local (+ possibilité de ramener une bouteille) || Max 8 personnes || Transfert de l'aéroport à votre hébergement,Barcelone,"Le Hummer Limo vous retrouve devant votre hébergement ou le restaurant de votre choix. Il est loué pour une heure, avec chauffeur, il est donc impératif d'être à l'heure messieurs ! La balade en Hummer Limo dure une heure et le trajet a lieu dans Barcelone intra-muros. A bord, de nombreuses bouteilles pour faire la fête comme il se doit lors d'un EVG à Barcelone. Et pour les groupes de coquins, il est possible de privilégier le Hummer + Striptease pour rajouter un peu de piment lors de votre enterrement de vie de garçon. BON A SAVOIR : La législation Espagnole limite à 8 personnes la capacité ",Barcelone,"Pour un EVG réussi à Barcelone, nous vous proposons la formule Hummer + striptease ! Le Hummer vous retrouve devant votre hébergement ou le restaurant de votre choix. Il est loué pour une heure, avec chauffeur, il est donc impératif d'être à l'heure messieurs! À bord du Hummer , une multitude de boissons sont incluses, histoire de rendre cet EVG encore plus festif. Le striptease a lieu dans le véhicule, lorsque la limousine est à l'arrêt (on préfère être transparent la dessus, la loi est stricte en Espagne). Le show dure environ 15 min. La législation Espagnole limite à 8 personnes la capacité",Bucarest,"Montez à bord de notre Daddy Hummer pour une heure de balade VIP lors de votre soirée d'enterrement de vie de garçon à Bucarest ! C'est bien connu, l'incontournable d'une bonne soirée d'EVG, c'est la balade en limousine. Mais que diriez-vous de rendre cette activité encore plus inoubliable en montant à bord d'une limousine de type Daddy ou Cadillac, pouvant accueillir jusque 24 personnes ? C'est le MUST ! Notre chauffeur vous accueille à bord de ce véhicule géant pour une heure de balade dans Bucarest. Vous avez le libre choix du lieu de dépôt (à établir en accord avec votre planning de soirée"
Footbulle,17,Albufeira | Amsterdam | Barcelone | Bordeaux | Bruxelles | Bucarest | Budapest | Cracovie | Lisbonne | Lyon | Madrid | Marbella | Paris | Porto | Prague | Varsovie | Vilnius,152,Transfert A/R en minibus privatisé || Vestiaires avec douches et casiers individuels sécurisés || Les bulles gonflables pour chaque joueur || Minimum 8 personnes || Des ballons et des chasubles fournis par le centre || Guide locale anglophone || Location des Bulles et matériel de jeu || Vestiaires et douches à disposition || Arbitre || 1h00 de jeu,Amsterdam,"Vous aurez votre propre vestiaire avec casiers, et douches privées. Pensez à apporter shorts, baskets, savons et serviettes. Les bulles et le ballon sont évidemment fournis ! Différents jeux vous seront proposés. Le terrain est réservé pour 1h pour votre groupe. Bien entendu il faut être au moins 10 pour cette activité ! Ou alors 8 si vous êtes prêts à jouer à 4 contre 4 ! Si vous souhaitez être challengés, testez le Foot vs équipe locale ! BON A SAVOIR : Le centre de foot bulle est à 30 minutes du centre-ville d'Amsterdam. Vous avez la possibilité de réserver un transfert aller-retour en supp",Bordeaux,"Un match de football complètement fou, pratiqué dans des bulles, ça donne le foot bulle! Glissez-vous dans ces grosses boules gonflables et affrontez-vous sur le terrain pour une expérience riche en fous rires lors de votre EVG à Bordeaux! L’activité comprend une heure de jeu (ou 30 minutes pour les groupes de moins de huit participants), ainsi que tout le matériel nécessaire : ballons, chasubles et bulles gonflables individuelles. Des vestiaires équipés de douches et de casiers sécurisés sont à votre disposition pour un confort total. Une activité parfaite à faire avant une bonne dégustation ",Bruxelles,"Le Foot Bulle, c'est un match de football complètement fou ! Glissez-vous dans ces grosses boules gonflables et affrontez-vous sur le terrain. C'est une activité totalement délirante à faire lors d'un enterrement de vie de garçon à Bruxelles. Le but est de projeter vos adversaires sur plusieurs mètres, qu’ils aient le ballon… ou pas ! Les fous rires sont garantis ! C'est exactement le type d'activité qu'on a envie de faire durant un EVG à Bruxelles. Les personnes de plus de 105 kg ne peuvent pas pratiquer cette activité. Si vous êtes plus sérieux, testez le Foot 5/5 ! BON A SAVOIR : Si vous n'"
Party Bus Strip,6,Amsterdam | Barcelone | Budapest | Cracovie | Prague | Varsovie,74,"Striptease à bord du Party Bus || Transfert aller/retour aéroport-hébergement dans un minibus privatisé || Show d'une magnifique stripteaseuse pendant le trajet || Maximum 22 personnes || Idéal pour les grands groupes (de 15 à 35 personnes) || Transfert de l'aéroport à votre hébergement en Party Bus || Possibilité d'apporter votre propre alcool à bord || Party Bus tout équipé : système de son à bord, lumières d'ambiance, climatisation etc. || Durée : 2h || Possibilité d'ajouter un Open Bar à bord (en supplément sur demande)",Barcelone,"Le Party Bus + Strip est le véhicule festif parfait pour votre EVG Barcelone. Imaginez-vous parcourir les rues de Barcelone dans ce Party bus hors du commun doté de lumières LED, d'une grosse sono et d'un striptease. Inutile de vous dire que le groupe sera gonflé au max pour cette soirée d'enterrement de vie de garçon. De plus, le clou de l'activité sera la venue à bord d'une magnifique stripteaseuse pour vous donner un show et prendre soin du futur marié. Un before idéal avant d'enchaîner sur une prestation Boîte et Bouteilles Premium . BON A SAVOIR : Le bus peut vous déposer en boîte de nuit",Budapest,"Un accueil personnalisé dès votre arrivée à l'aéroport: la guide vous attendra avec un panneau Crazy-Voyages avec le prénom ou surnom du marié! Ensuite aucune prise de tête à trouver assez de taxi pour tout le monde etc.. tout est géré pour vous jusqu'à que posiez vos valises à votre hébergement. Vous n'aurez qu'à vous concentrer sur le show de la stripteaseuse , qui vous fera directement rentrer dans le depaysement de cet EVG à Budapest de folie! Pour le retour , pas de problème non plus, oubliez la recherche de taxi avec la gueule de bois... le minibus viendra vous chercher à votre hébergeme",Budapest,Votre guide vous attendra avec un panneau à votre arrivée. Le Party Bus vous récupère à l'aéroport et vous dépose à votre logement en centre ville de Budapest. La privatisation du véhicule dure 1 heure et 1 bouteille de champagne local sont fournies. Vous pouvez également apporter vos propres boissons si vous le souhaitez ou en acheter sur place auprès du chauffeur. Le trajet serait sans doute un peu fade sans la présence d'uns stripteaseuse à bord durant votre trajet. Le Party Bus est équipé de matériel de diffusion son & lumières digne d'une boîte de nuit. Un écran plat HD est également disp
Diner Strip,13,Albufeira | Amsterdam | Barcelone | Bratislava | Bucarest | Budapest | Ibiza | Lisbonne | Majorque | Paris | Porto | Prague | Vilnius,95,2 bières par personne || Table réservée pour le groupe || Un striptease juste pour votre groupe || Dîner 3 plats || 1/2 bouteille de vin ou 1 bière toutes par personne || Striptease dans une salle privatisée || Durée: 3 heures || Disponible de 19h à 22h || Dîner dans un pub hollandais en plein centre d'Amsterdam || Un plat par personne + une pinte de bière,Barcelone,"Voici un programme alléchant qui offre tout ce qu'il faut pour passer une soirée inoubliable lors d'un EVG à Barcelone. Cette activité se compose d'un dîner dans un top restaurant de Barcelone, d'un striptease pendant votre dîner et d'une entrée en club pour finir la soirée. Nous travaillons avec les tops restaurants typiques catalans ! Nous les avons sélectionnés pour l'ambiance, la qualité des plats et la possibilité de réserver des grandes tables pour les groupes. Au menu : Tapas à partager en entrée Viande ou poisson au choix en plat principal Dessert Sangria à volonté servie jusqu'au dess",Bratislava,"Voici un repas comme on les aime ! Vous avez une table réservée dans notre restaurant durant deux heures. Le repas est constitué d'un steak frites, d'un burger ou d'un repas végétarien. On vous offre deux bières par personne ( vous aurez la possibilité de commander d'autres consommations à votre charge si vous le souhaitez). Placée dans une salle privatisée du restaurant, une magnifique stripteaseuse viendra vous distraire à votre table. Elle effectuera un show endiablé en guise de dessert. Si vous avez un grand besoin d’étancher votre soif, nous vous proposons la même activité mais avec open ",Bucarest,"Le Dîner Strip est un incontournable de l'enterrement de vie de garçon, où que vous alliez ! Dînez dans un bon restaurant du centre de Bucarest, avec un bon burger. La guide vous récupère à votre hébergement, vous accompagne sur place, et dîne avec vous pour s'assurer que tout se passe au mieux. Vous serez placés dans une salle privatisée du restaurant, et le striptease aura lieu directement à votre table à la fin du repas. Le restaurant étant situé en plein centre ville, vous pourrez rejoindre ensuite les meilleurs bars et clubs à pieds. C'est LE dîner incontournable d'un enterrement de garço"
Striptease Domicile,25,Albufeira | Annecy | Barcelone | Berlin | Bordeaux | Bruxelles | Bucarest | Budapest | Cracovie | Deauville | Ibiza | Lisbonne | Lyon | Madrid | Majorque | Marbella | Milan | Montpellier | Paris | Porto | Prague | Varsovie | Villa EVG Les Etisseaux | Villa EVG Luigny | Villa EVG Radar,119,"Striptease à votre hébergement || Nous privilégions les appartements ou les maisons privatives pour cette activité || 5min d'aftershow pour les photos avec votre futur marié préféré || La stripteaseuse se déplace et assure un show d'environ 15min || La stripteaseuse se déplace et assure un show d'environ 15 min || La stripteaseuse se déplace et assure un show d'environ15min || Durée: 12 minutes || Un show privé à votre appartement || Guide locale || Nous privilégions les maisons, appartements ou les auberges pour cette activité",Albufeira,"Prendre un apéro entre potes, c'est toujours cool, mais avec une stripteaseuse, c'est 1000 X mieux non ? Après tout, il s'agit d'un EVG à Albufeira. La stripteaseuse vous rejoint sur le lieu de rendez-vous, où elle effectue un show de 15min pour le plus grand plaisir du futur marié... et du reste du groupe ! Cette activité peut s'effectuer au réveil, comme pour l'apéro ! Vous pouvez décliner le striptease sous différentes formes : comique, sexy ou intégral BON À SAVOIR : Ce show striptease se réalise dans différentes activités (restaurant, pendant la tournée des bars) ou directement à votre hé",Barcelone,"Prendre un apéro entre potes, c'est toujours cool, mais avec une stripteaseuse, c'est 100 X mieux ! Il s'agit sans aucun doute d'une les activités les plus populaires pour un enterrement de vie de garçon à Barcelone. De toute manière, il n'existe pas d'enterrement de vie de garçon sans striptease ! Faites venir une somptueuse danseuse exotique (bref une stripteaseuse) dans votre appartement afin qu'elle donne un show pour le futur marié... N'oubliez pas que vous êtes à Barcelone, à l'heure Espagnole, l'apéro n'est donc pas à 18 h mais après 20 h ! Tous les membres du groupe pourront profiter d",Cracovie,"Le futur marié doit avoir le droit à son lot de vacheries lors de son enterrement de vie de garçon à Cracovie : c'est la règle. Offrez-lui un striptease extra-large pour son EVG pour que la surprise soit totale. Au moment où il sait que son striptease arrive, votre pote va s'imaginer être aux anges face à une somptueuse danseuse Polonaise sauf que... la grosse Berta fera son apparition ! Attention, il n'est pas interdit de rire et de se moquer de lui car la stripteaseuse bénéficie d'une immense autodérision ce qui est tout à son honneur. Lâchez-vous donc et emmagasinez un maximum de souvenirs "
Stripclub,20,Albufeira | Amsterdam | Barcelone | Berlin | Bordeaux | Bruxelles | Bucarest | Budapest | Cracovie | Ibiza | Lisbonne | Lyon | Madrid | Majorque | Milan | Paris | Porto | Prague | Varsovie | Vilnius,194,"Entrée au stripclub || Guide locale || Entrée en strip club pour tout le groupe || Softs || Shows || Table réservée pour le groupe || Entrée gratuite || Bonbons || Possibilité d'avoir l'option striptease intégral (supplément) || Minimum 6 personnes, Maximum 20 personnes",Amsterdam,"Rien de mieux qu'un passage en Stripclub pour marquer le coup lors de votre soirée d'enterrement de vie de garçon à Amsterdam ! Notre stripclub partenaire est situé au cœur de la ville d'Amsterdam et vous accueille à partir de 20h00. A l'intérieur vous attendent de très belles jeunes femmes qui vous donneront plus qu'envie de prolonger votre soirée dans l'établissement. A Amsterdam, les stripclubs sont un peu différents de ceux que l'on peut observer dans d'autres capitales européennes. Les filles effectuent leurs shows directement sur le bar, pour le plus grand plaisir de tous. Aussi, si vous",Bucarest,"Faites monter la température de votre soirée d'EVG à Bucarest avec notre Strip Club VIP & Open Bar ! Situé en plein centre ville, ce club de striptease réputé propose ce qui se fait de mieux à Bucarest : entre 20 et 28 danseuses triées sur le volet travaillent ici chaque soir. Une fois sur place, vous pourrez profiter de boissons à volonté pour toute la durée de votre présence. Et ce n'est pas tout ! Une salle est privatisée spécialement pour votre groupe pour une durée d'une heure. Dans cette salle, une sublime jeune femme viendra effectuer un show lap dance pour le futur marié histoire de do",Bucarest,"S’il y a bien une tradition à tous les enterrements de vie de garçon, c'est bien le strip club ! Les statistiques ne mentent pas : dans 90 % des EVG on demande à une femme de se mettre toute nue... Alors, pour votre séjour à Bucarest, on a visité ce club pour vous ! Gentlemen, vous vous sentirez comme chez vous à l'intérieur de ce strip club, vous voulez y élire domicile jusqu'à la fin de la soirée ! Vous aurez tout le loisir de vous régaler en profitant des nombreuses beautés (entre 20 et 28 danseuses) travaillant chaque soir. Si vous voulez une expérience encore plus incroyable, testez le St"
Sexy Combat,12,Albufeira | Amsterdam | Barcelone | Berlin | Budapest | Cracovie | Lisbonne | Madrid | Majorque | Marbella | Porto | Prague,106,"Show lesbien entre deux stripteaseuses || Piscine gonflable remplie de gelée/huile || Uniquement possible si vous avez loué un appartement ou une villa || Durée: environ 10 minutes || 1 bière par personne || Le spectacle dure 12 à 15 minutes || Les strip-teaseuses sont seins nus pendant le spectacle || 1 tournée de bières || Transfert à vos frais (l’emplacement est central) || Douches sur place (attention, à apporter une serviette et des claquettes)",Amsterdam,"Le Combat Sexy est l'activité ultime pour charrier le futur marié lors de son enterrement de vie de garçon à Amsterdam. En effet, si vous voulez vous taper des barres de rire lors de l'EVG avec votre ami, c'est l'activité à faire : le futur marié, en sous vêtements, se fait malmener par deux bombes Hollandaises ! Le Combat Sexy commence par un ""fight"" entre deux stripteaseuses en petite tenue pour que tout le monde puisse profiter de cette vision de pure beauté. Ensuite, les choses sérieuses commencent et le futur marié rejoint les deux superbes créatures dans la piscine remplie d'huile. C'est",Berlin,"Lors d'un enterrement de vie de garçon à Berlin, on se doit d'être original et créatif ! Que pensez-vous d'un combat dans l'huile entre nos 2 lutteuses et le futur marié ? Les 2 lutteuses qui sont en faites des stripteaseuses commencent une lutte sexy avant d'inviter le marié à se joindre à elles ! L'activité est bonne enfant et permet de ridiculiser un peu votre ami. Assurez-vous que le marié est bon esprit et pas trop timide avant de réserver cette activité. Le show dure au total une vingtaine de minutes et vous avez 1 bière offerte par personne. Possibilité de prendre une douche sur place a",Budapest,"Et si pour votre enterrement de vie de garçon à Budapest, vous offrez au futur marié un Combat Sexy Ces ""féroces"" guerrières ne vous surprendront pas que pour leur aptitude au combat. Le futur marié devra les affronter dans une simulation de catch ! De quoi rendre son EVG à Budapest vraiment mémorable ! Attention : le marié prend clairement ""cher"", il doit être ouvert d'esprit pour participer à cette activité ! L'activité dure environ 45 minutes (temps passé sur place) et seul le marié participe au ""combat"". Pour des raisons de sécurité, ce n'est pas un vrai ""combat"" mais plutôt un show érotiq"
Sexy Reveil,8,Barcelone | Bratislava | Bucarest | Budapest | Cracovie | Prague | Varsovie | Vilnius,34,"A réaliser le matin, au réveil || La stripteaseuse arrive à votre appartement déguisée en livreur de pizza || La guide paye les pizzas et la stripteaseuse part || 10 minutes après, elle revient en demandant ""Comment étaient les pizzas?"" et elle commence à se déshabiller ... le show commence! || 5 pizzas 32 cm pour 10 personnes || Un show privé à votre appartement || La stripteaseuse fait un show de 10 minutes dans la chambre du futur marié || L'artiste se déplace avec le matériel hifi nécessaire pour assurer le show || Uniquement disponible dans les appartements, pas dans les auberges ou les hôtels || Un striptease de 15 min dans la chambre d'hôtel du marié",Barcelone,Le Sexy Réveil est le meilleur réveil possible pour le futur marié lors de son EVG à Barcelone. La stripteaseuse se déplace à votre hébergement afin de faire irruption dans la chambre du futur marié encore endormi. Vous imaginez sa surprise ! Le show dure environ 10 minutes. Vous pouvez également offrir au futur marié un striptease à n'importe quel moment de la journée avec le Striptease à domicile en journée . BON A SAVOIR : La stripteaseuse ne vient pas dans les auberges de jeunesse. Un membre du groupe devra tout de même accueillir la jolie demoiselle devant votre hébergement et la mener à ,Bratislava,"Une DSK. Un striptease en mode FMI pour votre EVG à Bratislava. Appelez ça comme vous voulez ! La stripteaseuse déguisée en femme de chambre surprend le marié au réveil dans sa chambre d'appartement. Le RDV est fixé avec vous le matin, habituellement après une bonne beuverie la veille en boîte de nuit par exemple. La stripteaseuse fera irruption dans la chambre et offrira un show sexy d'une quinzaine de minutes à votre ami pour son enterrement de vie de garçon. BON A SAVOIR : Uniquement possible si vous avez réservé l'appartement de Bratislava via Crazy-EVG (notre prestataire est au courant et",Bucarest,"Le Sexy Réveil est incontestablement la meilleure des manières de réveiller votre futur marié préféré lors de son enterrement de vie de garçon à Bucarest ! Le scénario est très simple : la stripteaseuse (souvent habillée en femme de chambre), se déplace à votre hébergement afin de faire irruption dans la chambre du futur marié encore endormi. Vous imaginez sa surprise ! Bien entendu, un membre du groupe devra tout de même accueillir la jolie demoiselle devant votre hébergement afin de la mener à la bonne chambre. Après l'avoir réveillé de la façon la plus douce possible, place au spectacle ! E"
Poker Sexy,2,Budapest | Lisbonne,19,Croupier || 2 filles sexy : 1 par équipe || Une partie de strip poker pendant 2 heures à votre hébergement || Table de poker pour 10 joueurs au maximum || L'équipe gagnante remporte un show striptease || Accessible aux groupes ayant réservé l'hébergement avec Crazy-EVG || 2 heures de strip poker sur un bateau privatisé || Croisière sur le Danube pendant la partie || Table pour 10 joueurs au maximum || Striptease pour l'équipe gagnante,Budapest,"Que diriez-vous d'une petite partie de Strip Poker entre amis pendant votre enterrement de vie de garçon à Budapest ? Bien entendu, ce n'est pas vous qui finirez à poil, mais une des deux stripteaseuses voire les deux si vous êtes bons ! La partie se joue à votre appartement avec croupier et une table. Voici comment se déroule la partie : deux équipes de plusieurs joueurs + une stripteaseuse par équipe. À chaque fois qu'une équipe gagne une manche, la stripteaseuse de l'équipe adverse retire un vêtement. La première stripteaseuse complètement nue effectue ensuite une danse pour l'équipe gagnan",Budapest,"Que diriez-vous d'un petit Strip Poker Croisière entre amis pendant votre enterrement de vie de garçon à Budapest ? Bien entendu, ce n'est pas vous qui finirez à poil, mais une des deux stripteaseuses ou les deux si vous êtes bon ! La partie se passe à bord d'un bateau privatisé pour votre groupe pour une durée de deux heures, vous avez à votre disposition un croupier , une table privée, ainsi qu'un cash bar. Voici comment se déroule la partie : deux équipes de plusieurs joueurs + une stripteaseuse par équipe. À chaque fois qu'une équipe gagne une manche, la stripteaseuse de l'autre équipe ret",Lisbonne,"Une jolie stripteaseuse viendra défier le marié au Strip Poker à votre appartement. Selon les dispos, cette activité peut se dérouler en journée ou en soirée. Le principe est simple : à chaque main perdue, un joueur doit retirer un vêtement...mais la stripteaseuse est ""bon joueur"", en général...Fair play de rigueur. Si le marié n'est pas passionné de poker, optez pour un body fruit ou un body sush i. BON À SAVOIR : L'activité a lieu dans votre hébergement, de préférence dans un appartement (pas disponible dans les auberges de jeunesse)."
Combat Chien,3,Budapest | Cracovie | Prague,22,"Tenue de protection pour le marié || Un berger allemand et deux instructeurs professionnels || Une guide locale pour vous accompagner || A/R en minibus privatisé || Durée de l'activité : 30 - 45 minutes || Durée totale : 2-2,5 heures || Seulement le marié fait l'activité, le reste du groupe est spectateur || 1 heure d'activité environ || UNIQUEMENT POUR LE MARIE || 1 berger allemand dressé par le centre",Budapest,"Faites vivre une attaque de chien au futur marié lors de son EVG à Budapest avec le Man vs Dog, il s'en souviendra toute sa vie ! Qu'est ce que l'activité Man vs Dog pendant un enterrement de vie de garçon à Budapest ? C'est une activité qui consiste à faire combattre dans un ring le futur marié avec un chien digne des meilleurs combattant UFC... Non, on plaisante ! C'est beaucoup moins violent que cela, mais c'est surtout beaucoup plus drôle... Quoi que ça dépend pour qui. Votre ami le futur marié devra courir le plus longtemps et le plus loin possible avant de se faire attraper par notre chi",Cracovie,"Offrez au futur marié la plus grosse peur de sa vie lors de son enterrement de vie de garçon avec le Man vs Dog à Cracovie. Bien protégé dans une tenue spéciale qui résiste aux morsures , le marié devra tenir le choc face à notre berger Allemand fan de free fight ! A peine le temps de vous retourner pour courir qu'il va lui sauter dessus.... Et vous n'êtes pas prêts pour la force du chien... Rassurez-vous deux dresseurs professionnels seront bien sûr présents pour encadrer l'activité , expliquer les consignes de sécurité et s'assurer que tout se passe correctement. La guide et le minibus privé",Prague,"Le Man vs Dog va faire descendre le futur marié de son piédestal, croyez-nous ! Si votre ami n'est pas fan des chiens, alors le Man vs Dog est l'activité qu'il vous faut pour le faire flipper un bon coup lors de son enterrement de vie de garçon à Prague. Mais rassurez-vous le Man vs Dog n'est pas une activité dangereuse. Bien protégé dans une tenue spéciale qui résiste aux morsures, le marié devra tenir le choc face à notre berger allemand fan de free fight ! Cette activité ne présente pas de risques particuliers : le chien est parfaitement dressé et le marié totalement protégé de la tête aux "
Conduite Char D Assaut,6,Berlin | Bratislava | Budapest | Prague | Varsovie | Vilnius,146,Transfert A/R en minibus privatisé || Présence de votre guide locale anglophone || L'activité a lieu dans un ancien espace militaire || Activité disponible le week-end (disponible en semaine avec supplément) || Présence d'un instructeur local || Le terrain est situé à environ 1 heure du centre-ville || Instructeur local || 1 guide locale anglophone || L'activité a une durée totale d'environ 4 heures || Visite du musée militaire,Bratislava,"Let's try Tank Smash Premium ! Certains groupes d'EVG partent faire une chasse au trésor à Mulhouse, d'autres optent pour des activités totalement déjantées pour marquer le coup. Si vous êtes de ce dernier genre de groupes, Dieu vous bénisse. A Bratislava, vous pouvez non seulement effectuer une Balade en blindé mais vous pouvez également vous offrir le kiffe ultime en ""défonçant"" une voiture avec le blindé. Vous n'allez pas tirer dessus comme dans GTA mais vous allez tout de même l' écraser en roulant dessus et ça... C'est du lourd ! Après avoir vigoureusement roulé sur la voiture à l'aide du",Budapest,"Voilà une activité vraiment unique à faire, on vous propose une conduite de tank pour votre EVG à Budapest ! Un enterrement de vie de garçon à Budapest se doit d'être créatif et complètement dingue. Imaginez le kiff et les sensations d'être aux commandes d'une machine de guerre. Vous aurez la possibilité de découvrir cet effet durant 15 minutes chacun, en petit bonus, à la fin de l'activité, une tournée de bières vous sera offerte. Un instructeur de l'armée vous donnera les consignes de sécurité et vous encadrera. Possibilité d'essayer 3 chars différents (GSP 55, BMP-1, MTLBU) suivant la taill",Budapest,"Exploser une voiture avec un tank, c'est possible avec le Tank Smash ! A ne pas manquer pour votre enterrement de vie de garçon à Budapest ! Bon, vous ne tirerez pas avec le tank mais il sera possible pour le futur marié de s'installer juste à côté de l'instructeur qui conduira le tank sur plusieurs tours de pistes histoire de lui apporter quelques sensations ! Le Tank Smash est l'activité de bourrins par excellence pour ceux qui veulent faire de leur EVG à Budapest un événement sans précédent. Quand on aime on ne compte pas, alors pourquoi ne pas l'offrir au futur marié ? Et pour les groupes "
Conduite Ferrari,2,Barcelone | Milan,35,Cours de pilotage dispensé par des pilotes professionnels || 1 tour d'expérience sur une voiture pour découvrir la piste avec un pilote de course qualifié || Vidéo || Carburant inclus || Assurance voiture incluse || Permis de conduire obligatoire! Merci de le ramener avec vous le jour J || Tour de la ville en Ferrari pour le marié || 20 minutes en tant que conducteur || Un instructeur en tant que co-pilote || Une photo pour immortaliser ce moment inoubliable,Barcelone,"Le futur marié est fan de bolide et vous cherchez une activité qui lui fera vraiment plaisir pendant son enterrement de vie de garçon à Barcelone ? Dans ce cas, faites lui faire la Conduite de Ferrari ! Et pas n'importe laquelle, la F430 F1 ! Un véritable chef d'œuvre, une vraie œuvre d'art... Votre ami va se souvenir toute sa vie de son EVG à bord de cette merveille de Ferrari. Grâce à vous, durant son EVG à Barcelone, il va vivre des sensations intenses et goûter aux joies de la vitesse. BON À SAVOIR : Le permis de conduire est nécessaire pour l'activité Conduite de Ferrari, et bien évidemme",Milan,"Attention : cette activité est destinée à des personnes ayant déjà une expérience préalable sur circuit. Offrez au marié une expérience inoubliable lors de son enterrement de vie de garçon à Milan avec la conduite d'une Ferrari 458 Italia! Plongez dans le monde de la course automobile avec un cours de pilotage dispensé par des pilotes professionnels chevronnés. L'activité comprend un tour d'expérience sur une voiture auxiliaire, permettant au futur marié de découvrir la piste avec un pilote de course qualifié. Le marié aura ensuite l'occasion de conduire la Ferrari lors de 3 tours inoubliables",Milan,Vivez une journée exceptionnelle en offrant au marié une expérience de conduite unique avec une Formula 4 une Ferrari 458 Italia! Le marié est un grand fan de vitesse ? Aurait-il aimé être un pilote comme Hamilton ? Aidez-le à se rapprocher de son rêve en lui faisant conduire de véritables bolides italiens ! Faites profiter au marié l'expérience de conduite de 3 tours avec la puissante Ferrari 458 Italia. Ensuite faites-lui prendre le contrôle de la piste avec 10 tours ou 20 minutes de conduite avec une Formula 4. BON À SAVOIR: Un permis de conduire est obligatoire. Assurez-vous de le ramener 
Parcours du Combattant,1,Lyon,4,2h d'accès aux 2 parcours du combattant || Présence d'un instructeur encadrant || A partir de 14 personnes : le suivi photos complet (200/300 photos) || Min 8 personnes,Lyon,"A 25 minutes du centre de Lyon, venez vivre un moment inoubliable sur les 2 parcours du combattant où vous devrez franchir seul ou en équipe une quarantaine d'obstacles réparties sur un terrain de 6 hectares. 2h d'activités accessibles à tous, sportifs et moins sportifs, où le dépassement de soi et l'entraide seront au cœur de l'activité lors de votre Crazy-EVG ! Si vous voulez avoir encore plus mal aux cuisses le lendemain, le Boot Camp est fait pour vous ! BON A SAVOIR : Une voiture est nécessaire pour se rendre à l'activité.",,,,
Initiation Tir Shooting,9,Amsterdam | Berlin | Bratislava | Bucarest | Budapest | Cracovie | Prague | Varsovie | Vilnius,196,"Présence de votre guide locale anglophone || Transfert A/R en minibus privatisé || Cours avec un instructeur || Instructeur local || Assistance de votre guide locale anglophone || Initiation au tir à l'arme à feu || Instructeur professionnel || 25 balles par personne || Pas disponible le dimanche || Selon la nouvelle loi sur le tir en République tchèque à compter du 1.1.2026, il est nécessaire de disposer des noms et des pièces d’identité de tout tireur qui ne réside pas en République tchèque",Amsterdam,"Shooting Photo Quartier Rouge: À tous les groupes ouverts d'esprit, voici une activité que vous ABSOLUMENT faire lors de votre EVG à Amsterdam. Vous prenez part à un shooting photo dans le quartier rouge, mais pas un simple shooting photo où le but est de faire le BG. Ici, vous serez habillés avec des costumes sexy, des costumes fun, en drag queen et avec des accessoires en tout genre. Nos équipes partenaires vous accueilleront avec le plus grand plaisir, ils vous mettront dans l'ambiance afin que vous soyez trèèèèèèèès à l'aise. Les vitrines du quartier seront les édifices devant lesquels vou",Bratislava,"L'enterrement de vie de garçon de votre pote c'est l'occasion de venir tester la mythique AK47 Kalashnikov mais aussi du Stribog et un pistolet 9mm!!! Le tout avec 55 balles par personne. En bonus, une tournée de bières vous est offerte. La guide vous récupère à votre hébergement ou directement en centre-ville (selon votre planning) et vous accompagne en minibus privatisé. Un instructeur qualifié vous apprendra à viser et tirer avec précision. À la fin du shooting, vous pourrez repartir avec vos cibles comme souvenir et charrier ceux qui les auront toutes mises à côté. BON SAVOIR : S'il s'agit",Bratislava,"Une initiation au tir par un ancien instructeur de l'armée avec en exclu la mythique Kalashnikov : Choisissez l'activité Shooting 2 armes (AK-47) à Bratislava ! La guide vous récupère à votre hébergement ou directement en centre-ville (selon votre planning) et vous accompagne aux stands de tir, en minibus privatisé. Vous y testerez le mythique AK-47 Kalashnikov et le Pistolet 9mm. Un instructeur qualifié vous apprendra à viser et tirer avec précision. Respectez bien ses consignes, il est là pour vous apprendre à manier l'arme correctement, et éviter les blessures ! Le retour se fait également "
Kidnapping,6,Amsterdam | Bratislava | Bucarest | Budapest | Cracovie | Prague,43,"Fausse Arrestation par deux acteurs qui jouent le rôle de policiers locaux || Arrestation dans la rue || Futur marié placé les yeux bandés dans la voiture des policiers || 1 guide locale anglophone pour veiller à la bonne tournure de l'activité || Fausse Arrestation du marié par un acteur déguisé en policier || Le reste du groupe sera au courant et devra jouer le jeu pour plus de crédibilité || Dans un bar du centre d'Amsterdam || Striptease en fin d'activité de la fausse policière || ""Fausse"" arrestation du marié || 1 ou 2 acteurs déguisés en policier pour effectuer l'activité",Amsterdam,"Optez pour la Fausse Arrestation lors de votre enterrement de vie de garçon à Amsterdam pour que le futur marié ait la peur de sa vie. A l'instar du Combat Sexy , la Fausse Arrestation maltraite un peu le futur marié... Pour votre plus grand plaisir ! Pour que la Fausse Arrestation soit parfaite et fonctionne il faudra que tout le groupe y mette du sien et soit convaincant. Plusieurs scénarios au choix sont possibles : La Fausse Arrestation peut se faire dans un bar / restaurant durant la soirée. Généralement l'établissement complice invoque une histoire de facture bien salée (que vous refuser",Bratislava,"La guide rencontrera le groupe dans le centre-ville et les emmènera dans un pub, après un certain temps un serveur viendra avec des faux policiers, invoquant diverses raisons telles que : Il apporte une addition énorme. Le marié refuse alors de la payer et le serveur décide donc d'appeler la police. Le groupe est beaucoup trop bruyant Le serveur indique que le groupe a payé avec des faux billets Etc.... Dans tous les cas, l'activité Fausse Arrestation se termine de la même façon. Un ou plusieurs faux policiers arrivent dans le pub, arrête le futur marié et le force à s'asseoir sur une chaise a",Bucarest,"Faites flipper le futur marié avec une Fausse Arrestation qui finir de la meilleure des façons pour sa soirée d'enterrement de vie de garçon à Bucarest ! La guide vous retrouve dans le centre-ville de Bucarest ou directement à votre hébergement. Scénario ""secret"" : Vous serez briefés par nos équipes pour que le marié ne se doute de rien. Un seul impératif : ne pas rigoler avant ""la chute"" ! Deux possibilités de scénario s'offriront à vous : - Vous vous serez assurés que le marié n'aura pas ses papiers sur lui au moment de l'activité, ce qui provoquera son ""arrestation"" et son transfert au comm"
Beer Bike,7,Amsterdam | Barcelone | Berlin | Bruxelles | Lisbonne | Lyon | Porto,59,"Un chauffeur qui reste sobre pour conduire || Une visite de la ville sur un engin incroyable || Un conducteur sobre pour guider le vélo || 2 beerbike disponibles || Possibilité de brancher sa musique || 1h15 de location du Beer Bike || 20 litres de bières inclus pendant la balade (ou 12 bouteilles de Prosecco) || 6 personnes minimum, 16 personnes maximum || Attention: l'activité n'a pas lieu dans le centre ville || Transfert A/R en mini bus privatisé (RDV Las Ramblas)",Amsterdam,"Le Beer Bike à Amsterdam est un véhicule spécial qui mélange fun, visite guidée, bière et effort sportif... Le Beer Bike vous permet de consommer 20 litres de bières dans les rues d'Amsterdam dans le plus grand des calmes, tranquillement assis sur vos sièges avec la musique. Bon, il y a quand même un bémol pour les plus flemmards qui se voyaient chiller pendant 1h30... Car oui il faut quand même pédaler un peu pour que le ""vélo"" avance ! En effet sur le Beer Bike vous êtes assis sur des selles de vélo les uns en face des autres et devrez pédaler un minimum pour ne pas vous retrouver au point m",Barcelone,"Le Beer Bike est un véhicule spécial qui mélange fun, bière et effort sportif... car oui, il faut quand même pédaler un peu pour que le vélo avance. Nous vous proposons une activité d'une heure, où vous pourrez profiter d'un litre de bière par personne, avec de la musique, une ambiance unique... et surtout une bonne dose de plaisir ! Même le plus timide de vos amis profitera à fond de ce moment, grâce à notre conducteur qui dirige le vélo et reste sobre, vous assurant de rendre cette expérience mémorable. C'est l'activité parfaite pour faire une transition vers une bonne Tournée des bars + Boî",Berlin,"Découvrez la ville de la plus fun des manières... avec un Beer Bike à Berlin ! Le Beer Bike à Berlin est un véhicule spécial qui mélange fun, visite guidée, bière et effort sportif... car oui il faut quand même pédaler un peu pour que le ""vélo"" avance ! Notre chauffeur reste sobre (soyez rassurés) et tient seul le guidon du véhicule. Pendant ce temps là vous pédalez... mais avez la possibilité de boire de la bière grâce à l'énorme fût central du véhicule. Car sur le Beer Bike à Berlin - comme son nom l'indique - il y a de la bière, 1 litre par personne sont inclus pour votre groupe. Le point d"
Tournee Bars,18,Albufeira | Amsterdam | Berlin | Bruxelles | Bucarest | Budapest | Cracovie | Ibiza | Lisbonne | Lyon | Madrid | Malte | Marbella | Paris | Porto | Prague | Rome | Varsovie,219,Guide locale || Tournée des bars publique || Entrée en boîte || Disponible tous les jours || Visite de 3 bars || Guides anglophones || Entrée en club || Tournée des bars || Une tournée des bars à travers les rues du vieux centre || Visite de 4 bars,Amsterdam,"Rien de mieux qu'une Tournée des bars dans le Quartier Rouge pour s'imprégner totalement de la nightlife d'Amsterdam lors de votre enterrement de vie de garçon ! Nous vous donnons rendez-vous en plein cœur du Red Light District pour une soirée hollandaise que vous n'êtes pas près d'oublier. Vous commencez dans le premier bar de votre tournée. Sur place, vous profiterez de shots de vodka à volonté pendant une demi-heure. De quoi bien vous chauffer ! Une fois votre session de shots à volonté terminée, c'est parti pour enchaîner avec le second bar. Au total, vous parcourrez 5 bars différents et p",Amsterdam,"La Tournée des bars à Leidseplein est la meilleure façon de découvrir le quartier de Leidseplein lors de votre enterrement de vie de garçon à Amsterdam ! Vous avez rendez-vous avec notre guide aux alentours de 20h00 pour débuter votre tournée des bars. Après ça, c'est parti pour continuer votre conquête des rues du quartier. Durant 3 à 4 heures, vous parcourrez au total 5 bars et pourrez profiter de 5 verres au choix entre bière, vin et boisson soft pour ne jamais vous déshydrater pendant l'activité. A la fin de la tournée, votre guide vous accompagne en club et reste avec vous quelques minute",Amsterdam,"La Tournée des bars est l'activité phare d'une soirée d'enterrement de vie de garçon, à ne pas manquer pendant votre weekend sur Amsterdam ! Notre guide locale vous retrouve dans un quartier central d'Amsterdam et vous propose de découvrir les meilleurs bars de la ville pour une durée totale de 3 heures. La guide s'adapte à vos goûts et vos envies. Elle vous fait découvrir les endroits qui sont susceptibles de vous plaire en fonction de vos préférences musicales. Tout se fait à pied, dans l'un des quartiers animés de la ville. C'est LE meilleur moyen de découvrir la night life d'Amsterdam sans"
Boite Bouteilles,25,Albufeira | Amsterdam | Barcelone | Berlin | Bordeaux | Bratislava | Bruxelles | Bucarest | Budapest | Cracovie | Deauville | Ibiza | Lisbonne | Lyon | Madrid | Majorque | Malte | Marbella | Milan | Montpellier | Paris | Porto | Prague | Rome | Vilnius,303,Softs || Table pour le groupe || Entrée en club || Entrée en boîte || Table réservée pour le groupe || Softs inclus || Guide locale pour vous accompagner || Musique généraliste || L'assistance de notre guide locale pour gérer la table || Entrée en boîte pour tout le groupe dans l'un des meilleurs clubs,Amsterdam,"Accédez à la meilleure boîte d'Amsterdam grâce à notre Entrée en boîte VIP lors de votre enterrement de vie de garçon ! Nous vous accueillons dans le meilleur club d'Amsterdam, situé à proximité du canal de l'Amstel, pour une soirée de folie ! L'établissement est ouvert de 23h00 à 05h00 du matin. Il dispose de deux salles différentes : la salle principale située au rez-de-chaussée, qui offre une ambiance électro, et la salle de l'étage, pour une ambiance hip/hop et dancehall. Ce club est depuis des années déjà le club le plus réputé de la ville et vous assure une soirée des plus festives pour ",Bordeaux,"Offrez au futur marié une soirée mémorable avec une entrée en club dans l’un des meilleurs établissements de Bordeaux. Plongez dans l’ambiance nocturne bordelaise et profitez d’un cadre festif idéal pour célébrer un enterrement de vie de garçon comme il se doit. Chaque participant bénéficie d’une consommation incluse, pour bien lancer la soirée dès votre arrivée. Le club est ouvert du mercredi au samedi, de 23h30 à 5h, vous laissant tout le temps de profiter de la nuit jusqu’au bout. Une expérience parfaite pour commencer ou prolonger une soirée EVG placée sous le signe de la fête, de la musiq",Bratislava,"Réservez notre Boîte VIP & Bouteilles pour une soirée d'enterrement de vie de garçon à Bratislava sans aucune prise de tête ! Vous n'avez pas envie de passer votre soirée à galérer pour entrer en boîte ? Faites-nous confiance, on s'occupe de tout ! Notre guide locale vous rejoint à la sortie de votre activité précédente ou en centre ville pour vous conduire dans l'une des meilleures boîtes de Bratislava. Vous entrerez tels des rois sans avoir besoin de faire la queue. Aussi, une table en carré VIP vous attendra dès votre arrivée. Plus qu'à vous installer, et profiter ! Vous disposerez d'un bud"
Degustation Bieres,11,Amsterdam | Barcelone | Bratislava | Bruxelles | Bucarest | Budapest | Lisbonne | Madrid | Prague | Varsovie | Vilnius,82,"Guide locale || 8 personnes minimum || Table réservée pour votre groupe || 5 personnes minimum || Visite d'une brasserie locale de la vieille ville || Explications sur l'histoire de la bière, explication du processus de fabrication || Dégustation de 5 bières différentes || Blonde, Brune, Rousse... il y en a pour tous les goûts || Durée : 1h30 || Environ 45mn d'activité",Bratislava,"Si toi aussi tu es fan de bières, cette activité est faite pour toi ! Pendant votre week-end d'enterrement de vie de garçon à Bratislava, on vous propose de visiter une véritable Brasserie. Ici, il n'est pas question de boire simplement une bière qu'on pourrait prendre dans n'importe quel bar ! Mais bien de goûter des bières d'un véritable brasseur . Vous serez accueillis et guidés par notre brasseur, passionné de son métier. Il partagera son expérience et vous expliquera les techniques de brassage. Enfin vous passerez à la dégustation de plusieurs bières locales. Inclus dans le prix un bon dî",Bruxelles,"""Tu n'aimes pas la bière toi ? Faux, tu CROIS que tu n'aimes pas la bière !"" Un enterrement de vie de garçon sans bière ne sera jamais un vrai EVG, surtout pas en Belgique qui est le temple de la bière. Directement dans votre hébergement, vous recevrez une initiation à la ""blonde"" par un professionnel qui vous fera goûter 4 bières originales, en fonction de vos goûts, et vous en racontera tous les secrets. Zapper cette activité pour son EVG à Bruxelles serait une grave erreur une fois ! C'est l'activité parfaite après un Karting ! BON À SAVOIR : Nos experts peuvent se déplacer partout dans Bru",Bucarest,"Offrez-vous une dégustation de bières roumaines lors de votre enterrement de vie de garçon à Bucarest ! Tout groupe de potes qui se respecte s'adonne à des soirées bières de temps en temps. Nous vous proposons de perpétrer cette tradition jusque pendant votre week-end d'enterrement de vie de garçon, en vous accordant une petite pause sur vos activités sportives pour cette petite dégustation de bières artisanales. Notre guide locale vous accompagne dans notre bar brasserie partenaire, situé dans le centre de Bucarest. Un expert local vous accueillera pour vous en dire un peu plus sur l'histoire"
Crazy Night,9,Amsterdam | Berlin | Bratislava | Budapest | Cracovie | Ibiza | Prague | Varsovie | Vilnius,61,"Une entrée en boîte de nuit || Tournée des bars || Guide locale || Un tour des meilleurs bars de la ville selon vos préférences, et votre rythme || Une entrée en stripclub si vous le souhaitez || Un tour des meilleurs bars de la ville selon vos préférences || Visite de 3-4 bars || Présence de la guide pendant 3h || La guide s'adapte à vos envies, votre style, vos idées || 1 shot vous sera offert si vous consommez dans le bar",Berlin,"Voilà l'activité à ne surtout pas rater pour l'EVG à Berlin de votre ami ! Passez la meilleure des soirées en compagnie d'une de nos super guides jusqu'au bout de la night ! Alors, en quoi consiste la Crazy Night à Berlin ? C'est parti pour une tournée des bars, votre guide choisira les bars en fonction de vos goûts. On continue avec l'entrée en strip club, les strip clubs les plus sympas de la ville étant généralement assez excentrés, il vous faudra probablement prendre un taxi pour vous rendre sur place. Enfin, pour finir votre soirée, notre guide vous accompagnera dans une des meilleurs clu",Bratislava,"Voilà l'activité à ne surtout pas rater pour l'enterrement de vie de garçon de votre ami ! Passez la meilleure des soirées accompagnées d'une de nos super guides jusqu'au bout de la night ! Alors, en quoi consiste la Crazy Night à Bratislava ? On commence par une grosse tournée des bars. Notre guide choisira les différents bars en fonction de vos goûts. On continue avec l'entrée en strip club. Enfin, pour finir votre soirée, notre guide vous accompagnera dans une des meilleurs clubs de Bratislava. L'entrée est coupe file pour ne pas perdre une seconde ! En résumé la pendant vore EVG à Bratisla",Bratislava,"Voici une activité énorme pour faire la fête à Bratislava pendant l'EVG de votre ami ! La guide vous récupère selon votre planning et vous accompagne pendant cinq heures . En quoi ça consiste ? Votre soirée débute par une tournée des meilleurs bars de Bratislava. Notre guide choisira les différents bars en fonction de vos goûts et préférences. En bonus la bières est illimitées pendant une heure dans le premier bar . La soirée continue, avec l'entrée dans un en strip club . Enfin, la soirée se termine en club où l'entrée est coupe file pour ne pas perdre une minute. BON A SAVOIR : Si vous désir"
Croisiere Bateau,20,Albufeira | Amsterdam | Annecy | Barcelone | Berlin | Bordeaux | Bratislava | Budapest | Cracovie | Ibiza | Lyon | Majorque | Malte | Marbella | Milan | Montpellier | Paris | Porto | Prague | Varsovie,375,"Bière, vin et softs à volonté || Bateau privatisé pour le groupe || Une croisière d'une heure sur le Danube || Un skipper vous guide tout le long du trajet || Présence de votre guide locale anglophone || Croisière publique || Durée: 2 heures || Skipper || Dernier départ à 17h00 || Présence de votre guide locale",Amsterdam,"Le point de RDV est en centre-ville donc accessible à pieds ou en transport en commun. La guide vous accompagne jusqu'au lieu de départ. Le bateau est privatisé pour votre groupe, ainsi l'activité requiert un minimum de 8 participants pour profiter du meilleur prix. Avec des bières, vin et softs à volonté ainsi qu'une pizza par personne, vous avez là toutes les clés pour découvrir la ville de façon à la fois festive et détendue. Amsterdam regorge de canaux, la croisière est donc un des moyens les plus sympas de visiter ! Pour encore plus de kiff, testez la Croisière La Totale ! BON A SAVOIR : ",Amsterdam,"La Croisière Open Bar est tout bonnement l'activité EVG à faire à Amsterdam pour son enterrement de vie de garçon. Avec des bières, vin et softs à volonté, vous avez là toutes les clés pour découvrir la ville de façon à la fois festive et détendue. La Croisière Open Bar est le moyen parfait de commencer son EVG et de s'imprégner de l'ambiance de la ville. Discours du témoin, distribution du programme, la Croisière Open Baro vous permettra de poser les bases du week-end et constituera un excellent Before avant d'enchaîner pour des Ribs à volonté par exemple. Amsterdam regorge de canaux, la croi",Barcelone,"Préparez-vous à vivre une aventure en mer comme vous n’en avez jamais connu avec notre Croisière & Strip! Lors de votre EVG à Barcelone profitez de cette croisière de 2 heures sur la mer Méditerranéen. À bord, une serveuse charmante sera là pour vous accompagner, faire grimper la température et assurer une ambiance de feu. Au fil de la croisière, elle mettra l’ambiance avec ses danses, ses jeux et ses cocktails rafraîchissants servis avec le sourire. Et pour clore cette escapade en beauté : un show privé de 12 minutes à l’intérieur du voilier… intense, sensuel, et totalement inoubliable. Une e"
Car Smash,5,Amsterdam | Bratislava | Budapest | Cracovie | Prague,44,"Transfert A/R en minibus privatisé || Une ou plusieurs voitures intactes fournies dans une casse à proximité d'Amsterdam || Outils de démolition fournis : Masses, marteaux, barres de fer, clubs de golf etc... || 1 Instructeur local || Gants et lunettes de protection || Possibilité d'ajouter un transfert A/R en minibus privatisé (en supplément) || Guide locale || Le nombre de voitures dépend de la taille de votre groupe (1 par tranche de 10 personnes) || Le nombre de voitures dépend de la taille de votre groupe (1 par tranche de 9 personnes) || Sexy Car Wash d'une jolie jeune femme en bikini avant le début de la démolition",Amsterdam,"Le Car Smash est l'activité la plus barrée qu'il vous sera donnée de faire pour un EVG à Amsterdam. Vos rêves deviennent réalité puisque durant le Car Smash vous serez en mesure littéralement massacrer une voiture dans une casse et la rendre à l'état d'épave grâce à toutes sortes ""d'armes"" : masses, marteaux, battes de baseball etc... On sent les yeux des gros bourrins s'illuminer :) Vous disposerez d'une voiture pour 9 personnes lors du Car Smash, ce qui est amplement suffisant on vous assure. Car ne croyez pas que le Car Smash est aussi simple que dans Les Visiteurs avec la scène de la voitu",Amsterdam,"C'est LA nouvelle activité qui fait fureur à Amsterdam : testez le Car Smash Bikini lors de votre enterrement de vie de garçon ! Vous ne connaissez pas le concept du Car Smash ? Le jeu est très simple. Répartis par équipes de 9 personnes, vous disposerez d'une voiture destinée à finir broyée. Et pour aider à sa démolition, vous pourrez, armés d'outils en tous genres (masses, marteaux, barres de fer, pieds de biche...), vous en donner à cœur joie pour la réduire en miette ! Cerise sur le gâteau avec le Car Smash Bikini, une jeune femme vêtue de rien d'autre qu'un petit maillot de bain vous accu",Bratislava,"Venez faire l'activité ultime pour se défouler pendant votre enterrement de vie de garçon à Bratislava... Le car smash ! Chers amis de la poésie, passez ici votre chemin, car ici point de vers ne sont écris... seul vos muscles parleront ! Le principe est très subtil, vous avez rendez-vous avec une voiture intacte, vos cadeaux pour elle ? Des masses, marteaux et barres de fer ! Votre but ? Tout mettre en oeuvre pour venir à bout du véhicule et la réduire en miettes ! Votre guide vous accompagne sur le lieu de l'activité en taxi ou tram. Le Car smash est une activité qui nécessite des conditions"
Corrida,1,Madrid,19,"Déjeuner inclus (BBQ ou paella) || Apéro & tapas || Visite du ranch || Balade pour voir les jeunes taureaux || Une introduction à la corrida || Guide locale || Briefing de sécurité || Instructeur || Corrida avec plusieurs jeunes taureaux || Bières, vin et soft à volonté durant le repas",Madrid,"Nous préconisons cette activité en tout début d'après-midi afin de pouvoir profiter du déjeuner offert sur place. Cette activité s'effectue généralement le samedi mais quelques vendredis et dimanches sont possibles.Étantt donné qu'il s'agit de très jeunes taureaux et vaches, cette activité n'a pas le caractère dangereux quepossèdente d'autres traditions qui se réalisent avec des animaux adultes. Cependant il est recommandé de ne pas participer en état d'ébriété étant donné qu'il existe un risque de se faire quelques bleus ou de tomber et de se tordre la cheville! ce qui serait de mauvaise augu",,,,
Airsoft Battle,10,Bratislava | Bucarest | Budapest | Cracovie | Lyon | Madrid | Porto | Prague | Varsovie | Vilnius,96,Différents scénarios d'assaut proposés durant le jeu || 1 bière par personne || Transfert A/R en minibus privatisé || Guide locale anglophone || Assistance de votre guide locale || 2 heures de jeu || Minimum 8 personnes || Équipement complet || Équipement || 2 heures d'activité,Bratislava,"Rien de mieux qu'un Airsoft pour un EVG à Bratislava qui restera dans les mémoires ! Vraiment atypique, l'Airsoft est une mise en situation de simulation de guerre qui vous fera sentir comme de véritables soldats des forces spéciales. L'avantage de l'Airsoft, c'est qu'il ne laisse pas de bleus. L'activité dure environ deux heures, vous jouerez plusieurs parties sur un terrain privatisé spécialement pour votre groupe, avec différents scénarios proposés et au total 400 billes à tirer (possibilité de recharger sur place si vous êtes à cours de billes, en supplément). Si vous en avez assez des bil",Bucarest,"Immersion totale dans une réplique de champ de bataille avec matériel militaire ""replica"" et instructeurs qualifiés. L'effet réaliste du Airsoft Battle est saisissant : les professionnels de l'Armée utilise cet exercice pour leur entrainement préparatif avant de se rendre en zone de guerre....! Lors de votre activité Airsoft Battle, différents scénarii vous seront proposés, vous devrez mettre en place des stratégies pour vaincre l'équipe rivale dans les conditions d'une opération militaire réelle. Le transfert aller-retour est inclus en minibus privatisé (durée env. 1h). La guide et le chauffe",Budapest,"Pour lancer parfaitement votre enterrement de vie de garçon à Budapest, rien de tel qu'une petite partie d'Airsoft ! Totalement atypique, cette activité vous fera sentir comme de vrais héros. L'avantage de l'airsoft, c'est qu'il ne laisse pas de bleus. Notre instructeur, un ancien Royal Marine de l'armée britannique, vous enseignera différentes techniques d'assaut. C'est une vraie simulation de guerre, dans un lieu entièrement construit pour vous procurer des sensations fortes. L'Airsoft pendant un EVG à Budapest, c'est clairement une valeur sûre ! Vous profiterez sur place d'une partie d'envi"
Quad Buggy,14,Albufeira | Amsterdam | Barcelone | Bratislava | Bucarest | Budapest | Cracovie | Deauville | Ibiza | Lisbonne | Majorque | Prague | Varsovie | Vilnius,133,Présence d'un instructeur local || Équipement complet fourni || Instructeur || Guide locale || Briefing || 2 personnes par quad || Permis de conduire obligatoire || Briefing de sécurité || 1 quad par personne || Équipement,Amsterdam,"Rien de mieux qu'une bonne Balade en Quad pour se décrasser lors d'un enterrement de vie de garçon à Amsterdam ! Les quads sont à partager : un quad pour 3 personnes. Ainsi chaque personne conduit 30 min au total. Pour un groupe de 10 nous louons 4 quads + un instructeur, les balades en forêt se font par groupes de 3 ou 4 maximum, avec l'instructeur. Les gants et casques sont fournis sur place. Il est recommandé de venir en chaussures de sports et de porter des vêtements confortables ! (on garde la veste et les chaussures pour la boîte de nuit Messieurs !). BON A SAVOIR : Le terrain est situé ",Barcelone,"Excursion en Quad dans la campagne Barcelonaise pour son enterrement de vie de garçon, ça a de la gueule non? Vous disposez d'un Quad par personne et le groupe est accompagné par un guide professionnel. Le nombre de participants minimum est de 10 personnes sur une même session. BON A SAVOIR : Il est indispensable que chaque participant ait en sa possession son permis de conduire pour participer à l'excursion en Quad Duo. En effet il y a certaines portions du parcours qui sont sur route et l'organisateur exige que chaque participant ait son permis de conduire (sinon il risque une amende ... et ",Bratislava,"Cette expérience de quad promet une aventure excitante et bien encadrée pendant votre enterrement de vie de garçon à Bratislava! Chaque participant bénéficiera de 60 minutes de conduite, offrant une immersion complète dans l'expérience du quad. L'activité se déroulera sur une piste spécialement conçue. Cette piste offre un terrain varié et stimulant pour une conduite tout-terrain optimale. Les participants seront équipés du matériel nécessaire, comprenant des casques de protection et tout autre équipement requis pour assurer leur sécurité pendant l'activité. BON À SAVOIR : La guide et le minib"
Flyboard,2,Barcelone | Prague,16,L'activité a lieu à Barcelone ou à Badalone || Transfert en bateau pour tout le groupe || 15 minutes de Flyboard par personne || 1 instructeur pour vous encadrer || 1 ou plusieurs skippers pour naviguer || 15 minutes pour le marié || Le reste du groupe regarde depuis le port. || 10€ par personne vous seront demandés si vous souhaitez aller avec le futur marié sur le bateau pour le voir faire son activité ! (en supplément sur place) || Présence de votre guide locale anglophone || 15 min d'instructions par un professionnel,Barcelone,"I BELIEVE I CAN FLY ! On a tous un jour chanté cette chanson sous la douche. C'est désormais possible de faire ""fly"" votre futur marié préféré pour son enterrement de vie de garçon à Barcelone avec l'activité Flyboard. Cet engin (conçu par un Français, eh oui) fait la joie des amateurs de sensations fortes depuis maintenant plusieurs années. Debout sur une planche, le marié est amené à rester en équilibre dans les airs, propulsé par deux énormes jets d'eau. Inutile de vous préciser que si c'est un débutant, il va s'en ramasser des gamelles, et ce pour votre plus grand plaisir. Au même titre qu",Prague,"Vous aurez rendez-vous en plein centre de Prague , juste en face du Théâtre national. Le cadre est idéal pour découvrir cette activité entre potes. Pendant que l'un d'entre vous vole les autres sont sur la berge pour assister au spectacle. Un instructeur de Flyboard vous donnera les consignes de sécurité et vous encadrera pendant le vol (15mn d'instruction en français et 10mn de vol) Minimum 5 personnes pour effectuer cette activité disponible de Juin à Septembre. BON A SAVOIR : Votre guide vous accompagnera sur place en transports publics ou à pied selon le lieu de votre hébergement.",Barcelone,"Une fois le futur marié équipé, celui-ci s'élancera dans les airs pour défier les lois de la gravité ! Il pourra ainsi se prendre pour Iron Man, sous vos yeux ébahis. Sensations fortes assurées pour son EVG ;-) BON A SAVOIR : L'activité se fait sur la plage proche du centre-ville de Barcelone."
Jet Ski,7,Barcelone | Bratislava | Deauville | Majorque | Malte | Marbella | Montpellier,52,Briefing et information || Le prêt des équipements (Combinaison et gilet de sauvetage) || Un briefing de sécurité || Location Jet ski || 20 min de conduite par personne || 2 personnes par Jet ski || 1 instructeur certifié pour vous briefer || Équipement de sécurité || Maximum 20 personnes || L'activité a lieu à Badalone ou à Barcelone,Barcelone,"Un bon petit jet ski des familles pour son enterrement de vie de garçon ça fait toujours plaisir ! Une fois arrivés sur la plage, vous serez accueillis par l'instructeur local de la base nautique, qui vous équipera et vous briefera sur les procédures et normes de sécurité. Si vous êtes débutants, aucun problème ! L'instructeur vous expliquera comment manier le jet ski. Après ça, la mer est à vous ! Vous vous installerez à 2 sur chaque jet ski pour 1 heure de fun ou vous pouvez choisir d'être seul et vous aurez donc 30 min pour vous amuser en mer par personne ! BON A SAVOIR : Les instructeurs s",Bratislava,"Plongez dans une aventure palpitante lors de cette session de jet ski exclusive sur le Danube, spécialement conçue pour un enterrement de vie de garçon à Bratislava! Profitez d'une heure d'adrénaline pure tout en explorant les eaux dynamiques du Danube, avec l'avantage supplémentaire d'un instructeur professionnel qui guidera le groupe. Cette expérience de jet ski sur le Danube offre une combinaison parfaite d'adrénaline, de paysages pittoresques et de moments mémorables, créant ainsi une journée d'enterrement de vie de garçon inoubliable à Bratislava. BON À SAVOIR: Si vous possédez un permis ",Marbella,"Offrez à votre groupe une expérience inoubliable lors de votre enterrement de vie de garçon à Marbella, avec une aventure palpitante en jet ski au cœur de la splendide Marina de Marbella. Chaque personne aura la possibilité de piloter son propre jet ski SEADOO GTX PRO 130cv, garantissant une expérience de conduite sensationnelle et sécurisée. Chaque participant bénéficiera de 15 minutes sur les eaux scintillantes de Marbella, sous la supervision attentive d'un instructeur local expérimenté. BON À SAVOIR: Nous savons que l'activité est amusante, nous vous demandons toutefois de respecter les co"
Journee Ski,2,Lyon | Ski en Andorre,38,"Location de ski, chaussures et bâtons || Location pour 2 jours || Piste de ski privatisée pour 1h (jusqu'à12 personnes, 2h de privatisation au delà) || Le prêt du matériel (chaussures, ski, bâtons, casques) || L'encadrement par un moniteur || Cours de ski || Durée: 3h || Instructeur || Max 12 personnes || Skis déclassés maxi 4 ans, entièrement révisés et en bon état de fonctionnement",Ski en Andorre,"Crazy Ski! Vous avez envie de célébrer votre enterrement de vie de garçon dans la neige ? Le mariage est en avril et vous ne pouvez pas attendre les week-ends fériés pour partir ? Vous avez déjà simplement visité toute l'Europe et vous avez envie de faire autre chose qu'un city trip ? Crazy-Voyages a conçu pour vous le Crazy Ski ! Un pack incluant l'hébergement et le forfait de ski en Andorre ! Réveillez-vous au pied des pistes dans des appartements entièrement équipés, idéalement situés à quelques mètres des remontées mécaniques. Skiez dans l'un des 7 plus grands domaines skiables au monde, s",Lyon,"Plus besoin d’attendre l’hiver pour aller skier : skier au chaud et près de chez vous lors de votre Enterrement de Vie de Garçon à Lyon ! Prenez un maximum de plaisir sur notre tapis synthétique « sans fin » avec possibilité de moduler l’inclinaison et la vitesse ! Sous les conseils avisés de moniteurs diplômés, ils vous permettront également de progresser. Les sessions de ski durent 1h alternant des phases de récupération et des échanges avec le ski man afin de skier dans les meilleures conditions ! BON A SAVOIR : L'activité se fait à 20 minutes de Lyon",Ski en Andorre,"Pack Location Ski Pack Découverte: Nos skis spécialement sélectionnés pour les débutants sont légers et très souples, offrant une maniabilité facile et un apprentissage en douceur. Conçus pour vous aider à vous sentir en confiance sur les pistes, ces skis sont parfaits pour les nouveaux skieurs. Que vous choisissiez les pistes bleues, vertes ou rouges, nos skis débutants sont adaptés à tous les niveaux de piste."
Karting,20,Albufeira | Amsterdam | Barcelone | Bordeaux | Bratislava | Bruxelles | Bucarest | Budapest | Cracovie | Deauville | Ibiza | Lisbonne | Lyon | Malte | Marbella | Montpellier | Paris | Porto | Prague | Vilnius,244,"Transfert A/R en minibus privatisé || Un mélange entre karting électrique, un jeu vidéo et la réalité augmentée || Kart électrique || Différents circuits || Les modes de jeu sont projetés au sol || Une manche = un mode de jeu || Différents modes de jeu: battle race, battle snake, battle foot, battle color, battle virus || Taille minimale pour jouer : 1,45m || 8 personnes minimum || Karts électriques",Amsterdam,"Offrez vous un Grand Prix Karting pour votre EVG à Amsterdam afin de décider une bonne fois pour toute qui est le meilleur pilote de votre groupe. Le Karting est situé à environ 30 min du centre d'Amsterdam. Sur place tout l'équipement pour le Grand Prix Karting est fourni: veste, casque, cagoule. Il est quand même recommandé de venir avec des chaussures de sport les gars ! Vous aurez droit à 3 sessions de 10 minutes de Karting pour allier vitesse, sang froid et précision. Un podium et une médaille pour les 3 meilleurs pilotes avec une célébration au champagne (digne des plus grandes courses a",Barcelone,Envie d'un peu de compétition pendant votre EVG à Barcelone ? Le Karting est l'activité idéale pour s'éclater entre potes pendant votre week-end. Une piste réservée pour voir qui est le meilleur pilote... Avec ou sans permis ! C'est le moment de montrer que vous êtes un vrai AS du volant. Prenez le volant et brûlez du caoutchouc lors de votre week-end entre amis à Barcelone avec notre activité de Karting alimentée par l'adrénaline. Le Karting est depuis longtemps une activité favorite pour les enterrements de vie de garçon et cela plaît toujours aux groupes. Le Karting fait partie de ces activ,Barcelone,"Notre circuit de Karting Grand Prix est au top de ce qu'on peut trouver à Barcelone ! Offrez vous une expérience unique, entre adrénaline et compétition ! Pour effectuer l'activité il est nécessaire qu'au moins un des participants se munisse de sa carte d'identité. Le Karting Grand Prix est la version deluxe, toutefois vous pouvez également opter pour une offre moins étoffée avec le Karting simple. BON A SAVOIR : Le circuit de Karting Grand Prix est à 20 km du centre de Barcelone, accessible en transports en communs. Pour plus de confort, vous pouvez privatiser un minibus pour le transfert A/R"
Football,12,Amsterdam | Barcelone | Berlin | Bratislava | Bruxelles | Bucarest | Budapest | Cracovie | Lisbonne | Prague | Varsovie | Vilnius,103,"Présence de votre guide locale anglophone || Transfert A/R en minibus privatisé || Ballon fourni || Vestiaires et douches à disposition || Vestiaires || 10 personnes minimum || Minimum 8 personnes || Douches || 1h de football à 5 contre 5 || Terrain en synthétique, couvert ou non selon le temps",Amsterdam,"Rien de mieux qu'un Foot 5-5 pour éliminer l'alcool de la veille lors de votre enterrement de vie de garçon à Amsterdam ! Le complexe sportif est situé à quelques minutes du centre d'Amsterdam. Vous serez accueillis par notre instructeur qui vous fournira ballon et chasubles si souhaité. Le terrain est loué pour une durée d'une heure au total. Pensez à prévoir une tenue adaptée : shorts et baskets ! Il y a des vestiaires à disposition pour se changer. A noter que le revêtement au sol est en dur, type terrain de hand ou de basket. Le complexe est uniquement indoor ... à Amsterdam il vaut mieux ",Barcelone,"Pour le décrassage, rien de tel qu’un foot entre potes ! Prenez-vous pour Messi ou Iniesta sur les terrains de Barcelone ! L'enterrement de vie de garçon est le moment idéal où tout le monde est réuni et personne ne peut se défiler : pas de femme ou copine, pas de travail, pas de gosses :) Réservez votre petit five entre potes lors de votre EVG à Barcelone, c'est le moment de rappeler à tous vos potes que c'est vous le boss. Dans notre centre, vous disposez de vestiaires pour vous changer, d'un ballon et de chasubles. Vous pouvez même opter pour la version fun avec le Foot Bulle. BON A SAVOIR ",Bratislava,"Parce-que c'est important de faire un bon décrassage entre deux bières ! Ici vous ne devez que vous préoccuper que d'une chose : le ballon ! Réservez votre petit five entre potes lors de votre EVG à Bratislava et dépensez-vous bien comme il faut. Dans notre centre, vous disposez de vestiaires pour vous changer, d'un ballon et de chasubles . Vous pouvez même opter pour une version insolite avec le Foot Bulle . Le terrain est réservé 1h pour votre groupe e n terrain intérieur ou extérieur selon la disponibilité. Si vous avez des préférences, veuillez nous le faire savoir au moment de la réservat"
Limousine,13,Amsterdam | Berlin | Bordeaux | Bruxelles | Bucarest | Budapest | Lisbonne | Madrid | Montpellier | Paris | Porto | Prague | Vilnius,190,Max 8 personnes || Prises auxiliaires et Bluetooth pour brancher votre propre musique || Chauffeur || Le transfert de l'aéroport à votre hébergement en Limousine || Maximum 8 personnes || Capacité max : 8 personnes || Transfert vers le lieu de votre choix à Bordeaux || Durée : 1 heure || 2 bouteilles de vin pétillant || 1 bouteille de vin pétillant,Bruxelles,"Lors de votre prochain enterrement de vie de garçon à Bruxelles, mettez un peu de fantaisie. Lors de la traditionnelle virée en Limousine, ajoutez un show d'une stripteaseuse, le futur marié vous remerciera. Votre GMC Monster Limousine & Strip vous récupère devant le lieu de votre choix (par exemple votre hôtel ou le restaurant), pour une balade de 1h dans Bruxelles by night, vous serez ensuite déposés devant le bar ou le club de votre choix ! En plus de la Monster, nous disposons d'une gamme assez large de limousine où l'option striptease est possible : Dodge , Cadillac ... BON A SAVOIR : La ",Bruxelles,"À l'occasion de l'EVG de votre ami à Bruxelles, faites monter la température pendant la balade en Dodge Limousine. Avec le spectacle d'une stripteaseuse, pour le futur marié. Nul doute qu'il appréciera et vous dira merci. Votre Dodge Limousine & Strip vous récupère devant le lieu de votre choix, pour une balade d'une heure dans Bruxelles, vous serez ensuite déposés devant le restaurant , le bar ou le club de votre choix ! En plus de la Dodge Limousine & Strip, nous proposons plusieurs types de limousine où l'option striptease est possible : Cadillac , Monster ... BON A SAVOIR : La limousine vo",Bruxelles,"THE activité pour un enterrement de vie de garçon. Généralement, le tour en Cadillac Limousine s'effectue après votre dîner avant d'enchaîner sur une Tournée des bars ou une Boîte de nuit. Bien entendu, vous avez la possibilité de réserver votre virée en limousine pour tout type de transfert comme bon vous semble : entre les activités, avant le restaurant ou encore vers le chemin du Strip club . La limousine vient vous chercher au lieu de votre choix et vous dépose où vous voulez, pour s'adapter à votre programme. Si le cœur vous en dit, vous pouvez même pimenter la chose en y ajoutant un stri"
Parapente,2,Annecy | Lisbonne,19,"Un saut en tandem pour le futur marié avec départ sur les pistes de ski || Photos et vidéo souvenirs sur CD offertes || Seul le futur marié monte, ses amis l'attendent en bas des pistes pour l'atterrissage || Le matériel nécessaire à la pratique (Voile homologuée CEN, Sellette et parachute, Casque) || L’encadrement par un moniteur diplômé d’état. || ATTENTION : Les skis ne sont pas inclus || Sur place achetez un forfait piéton pour une remontée mécanique 6.80€ environ || Activité disponible de décembre à avril || Un saut en tandem pour le futur marié || 15 à 20 minutes de vol",Annecy,"Ce vol biplace s'effectue en ski car le décollage et l’atterrissage en parapente se font en glissant sur la neige sans le moindre effort. Les décollages en ski, surf, snowblade, ski de fond sont également possibles. Ce vol d'hiver permet au futur marié de découvrir l'activité parapente, car les phases décollage-atterrissage se font en glissant et donc en douceur. Pas de limite d'âge ou de poids, ni de niveau de ski requis (le décollage est accessible aux non skieurs.) Lieu du baptême : La Clusaz. Le décollage se situe à 1700m d'altitude et l'atterrissage s'effectue près du centre du village de",Annecy,"Le point de RDV est accessible facilement en voiture. Seul le futur marié monte en haut de la montagne pour sauter, ses amis sont invités à l'attendre en bas. Il décollera en biplace parapente du site le plus prestigieux d'Europe pour la pratique du vol libre. Il volera au dessus du lac d'Annecy et de ses montagnes, un décor éblouissant et magique : une façon originale et sensationnelle de découvrir la région du lac d'Annecy. C'est l'activité phare d'Annecy ! Un moment inoubliable pour le futur marié ! Si vous partez l'hiver, offrez lui le Ski Parapente ! BON A SAVOIR : Prévoyez une tenue spor",Lisbonne,"Session de parapente à travers les falaises de Praia Grande, Praia da Aguda et Portinho da Arrábida pendant 15 minutes avec un pilote expérimenté. Vous n'avez besoin d'aucun entraînement préalable, notre instructeur certifié s'occupe de tout pendant le vol. Le transfert A/R de Lisbonne vers l'activité est inclus dans le prix. Pour ceux qui aiment voler, vous pouvez aussi faire un Survol en Hélicoptère . BON A SAVOIR : Cette prestation est dépendante des conditions météo et pourra être annulée en dernière minute en cas de force majeure. Vous serez alors remboursés à votre retour."
Saut en Parachute,3,Bratislava | Budapest | Varsovie,25,"Briefing, équipement, assurances... || Transfert A/R en minibus privatisé || Le saut en parachute pour le futur marié, en tandem avec un instructeur professionnel || Une tournée de bières pour le groupe || Supplément de 45€ si le futur marié pèse plus de 100kg || Saut en parachute pour le futur marié, en tandem avec un instructeur professionnel || Le groupe reste en bas pour admirer le futur marié || Présence de votre guide locale anglophone || Le transfert A/R sur le site en minibus privatisé avec une guide locale || Activité à environ 70km de Budapest",Bratislava,Et si pour son enterrement de vie de garçon à Bratislava le marié se jetait dans le vide ? C'est ce que nous proposons avec l'activité saut en parachute. Offrez-lui un grand battement de cœur et un énorme stress. Le marié s'élance en tandem depuis un avion à une altitude de 4000 mètres avec un instructeur de longue expérience. L'instructeur ouvre le parachute à 1500 m du sol ce qui laisse environ 5 minutes pour profiter du paysage. La chute libre elle-même dure environ 1 minute. BON À SAVOIR : Le marié doit mesurer plus de 1m 30 et peser au moins 35 kg (oui on est très sérieux). Il doit peser ,Budapest,"Et si pour son EVG à Budapest le marié se jetait dans le vide ? C'est ce que nous proposons avec l'activité saut en parachute. Offrez-lui un grand battement de cœur et un énorme stress. Le marié s'élance en tandem depuis un avion à une altitude de 4000 mètres avec un instructeur de longue expérience. L'instructeur ouvre le parachute à 1500 m du sol ce qui laisse environ 5 minutes pour profiter du paysage. Si le futur marié veut revivre ce moment, on vous propose également de faire un saut en parachute filmé. Aussi si vous voulez tous participer, optez pour la chute libre indoor . Comment s'hab",Budapest,"Et si pour son EVG à Budapest le marié faisait le grand saut ? C'est ce que nous vous proposons avec l'activité saut en parachute. Offrez-lui l'activité la plus extrême, celle qui donne vraiment des sensations fortes. En plus, il pourra revivre et partager ce moment à tout moment, puisque sa chute est filmée. Le marié s'élance en tandem depuis un avion à une altitude de 4 000 mètres avec un instructeur de longue expérience. L'instructeur ouvre le parachute à 1500 m du sol ce qui laisse environ 5 minutes pour profiter du paysage. Si le futur marié ne veut pas revivre ce moment, on vous propose "
Saut Elastique,4,Cracovie | Porto | Prague | Varsovie,22,Tout le groupe saute || 30 minutes d'activité par personne || 1 instructeur local pour vous encadrer || 1 guide locale anglophone pour vous accompagner || Transfert aller-retour en minibus privatisé || Disponible entre avril et octobre || Instructeur qualifié || Matériel de sécurité || Un saut par personne || Transfert A/R en minibus privatisé,Prague,"Le Saut à l'élastique est quand même une activité phare pour un EVG. Toutefois, il ne s'agit cette fois pas d'un Saut à l'élastique pour le futur marié uniquement mais d'un Saut à l'élastique par personne . L'expression : ""Un pour tous et tous pour un"" prend donc tout son sens pour votre enterrement de vie de garçon à Prague. Au moins un saut par participant, depuis un pont situé en dehors du centre-ville . Avec une hauteur de 45 mètres et une chute d'une durée de 7 secondes, les sensations fortes sont garanties avec ce Saut à l'élastique. Si vous n'avez jamais sauté, vous préférerez peut-être",Cracovie,"La guide et le minibus vous récupèrent à votre hébergement ou en centre ville de Cracovie et vous accompagnent sur le site de l'activité. Au moins un saut par participant ;) Instructeur et matériel de sécurité complète. Retour en minibus privatisé. Sensations fortes garanties ! Parfait avant une Crazy Night ! BON A SAVOIR : Veuillez noter que cette activité est dépendante des conditions météorologiques. Si l'activité venait à être annulée, celle-ci vous sera remboursée dès votre retour de séjour.",Varsovie,"La guide et le minibus vous récupèrent à votre hébergement ou en centre ville de Varsovie et vous accompagnent sur le site de l'activité. Au moins un saut par participant, depuis un perchoir de 30 m de hauteur. Instructeur et matériel de sécurité complet. Retour en minibus privatisé. Sensations fortes garanties ! Pour les frileux, vous pouvez juste offrir au futur marié un Saut en Parachute ! BON A SAVOIR : Le transfert aller-retour en minibus privatisé est inclus dans le prix."
Chute Libre,7,Berlin | Budapest | Montpellier | Paris | Porto | Prague | Varsovie,42,"Présence d'un instructeur local || Matériel complet de sécurité || Briefing || Equipement complet || 2 minutes de temps de vol par personne || Certificat de vol || Une boisson par personne non alcoolisée || Deux sessions de 1 minute de simulation de l'expérience de chute libre par personne || Vidéo gratuite + photos de vos sessions || Combinaison, casque et des lunettes sont fournies (les chaussures de sport sont nécessaires)",Budapest,"Vous voulez faire une activité totalement folle pendant un enterrement de vie de garçon à Budapest ? Alors, essayez la chute libre indoor ! Vous avez peur de vous jeter d'un avion (un peu normal), mais vous rêvez d'avoir les sensations incroyables d'une chute libre dans les airs ? Cette activité est faite pour vous ! Enfilez votre combinaison et direction la soufflerie. Jetez-vous dans les airs pour une chute libre de trois minutes ! Le kiff total ! La guide vous récupère à votre hébergement ou directement en centre ville (selon votre planning), elle vous accompagne sur le lieu de l'activité, ",Paris,"Situé en plein cœur de Paris, le centre vous fera un accueil des plus chaleureux. Chacun d'entre vous aura le droit à 1mn de chute libre, dans cette soufflerie indoor. Le futur marié bénéficiera quant à lui d'une double durée d'activité ! Tout le groupe aura l'opportunité de vivre un décollage vertical, une expérience intense et passionnante qui ajoutera une dose d'adrénaline à l'activité. Une coupe de champagne sera offerte pour trinquer à cette journée inoubliable à la fin de l'activité. De quoi bien vous éclater pour l'EVG de votre meilleur pote ! On verra qui tiendra le plus longtemps... !",Varsovie,"Envoyez vous en l'air avec le futur marié grâce à notre Chute Libre Indoor lors de votre enterrement de vie de garçon à Varsovie ! Vous ne connaissez pas le concept ? La Chute Libre Indoor, c'est un moment de sensations à l'intérieur d'une soufflerie. Vous effectuez deux sessions de vol chacun et découvrez la sensation d'un saut en parachute à travers ce tunnel vertical. Notre équipe de passionnés vous accueille, vous équipe et vous briefe avant de vous laisser accéder tour à tour à l'intérieur de la soufflerie. Chaque vol dure environ 1 minute 30 secondes. Parfait pour les groupes fan de sens"
Paintball,22,Albufeira | Amsterdam | Barcelone | Berlin | Bordeaux | Bratislava | Bruxelles | Bucarest | Budapest | Cracovie | Deauville | Lisbonne | Lyon | Madrid | Majorque | Marbella | Montpellier | Paris | Porto | Prague | Varsovie | Vilnius,258,300 billes par personne || Transfert A/R en minibus privatisé || Min 6 personnes || 10 personnes minimum || Présence de votre guide locale anglophone || Équipement complet fourni || Min 10 personnes || 200 billes par personne || Terrain extérieur || Équipement complet,Amsterdam,"Un EVG sans Paintball c'est un peu comme une raclette sans fromage. Réservez ce classique des enterrements de vie de garçon pour votre week-end à Amsterdam pour un max d'amusement et de convivialité. Il faut compter environ 45 min de route pour se rendre au terrain de Paintball depuis le centre d'Amsterdam. Le terrain est en plein air, mais il est bien ouvert toute l'année ! Avec plusieurs scénarios de jeu, vous aurez amplement le temps de shooter le futur marié qui lui, sera déguisé en lapin. Si vous ne disposez pas de moyen de locomotion à Amsterdam et que vous souhaitez éviter le train, nou",Barcelone,"Quelle que soit votre destination, le Paintball est toujours l' activité indispensable à faire. Réservez l'activité phare des enterrements de vie de garçon pour votre séjour à Barcelone ! C'est une activité intense où vous sommes placés dans des situations un peu extrêmes. Bref, c'est une activité qui vous procure beaucoup d' adrénaline et finalement, c'est ce que vous êtes venus chercher pendant un enterrement de vie de garçon ! Jusqu’à présent, on vous a parlé de guerre, de stratégie, mais le Paintball reste avant tout une activité fun et délirante à faire en groupe… Encore plus lors d’un EV",Barcelone,"Sur place, vous aurez un briefing complet de notre instructeur qui vous expliquera en détails comment se déroulera votre activité Paintball + Lasergame. Le matériel complet vous sera bien entendu fourni, toutefois nous vous conseillons de vous munir de vêtements ""sportifs"" et de chaussures pouvant être salies, notamment pour l'activité Paintball. Activité idéale pour les grands groupes sportifs et les groupes à la recherche d'aventure ! Si vous ne souhaitez pas effectuer le combo Paintball + Lasergame, les deux activités bien distinctes sont disponibles à la carte. Ici pour choisir votre Paint"
Laser Game,13,Amsterdam | Barcelone | Berlin | Bordeaux | Bratislava | Deauville | Lisbonne | Lyon | Madrid | Malte | Milan | Paris | Prague,155,Équipement complet || Équipement || Instructeur local || Un instructeur local || 2 sessions de 20 minutes de laser game || 1 peinture de guerre fluorescente || Un Tote Bag contenant un T-shirt || Les sessions seront jouées dans un labyrinthe commun ouvert à tous || Min 6 personnes || Activité disponible entre 13h et 23h,Amsterdam,"Vous commencerez par une partie de 15 minutes de laser game sur un terrain privatisé pour votre groupe. Équipement complet fourni sur place. Un début d'activité parfait pour shooter le marié sans l'abîmer ! En assurant sa survie, vous pouvez ensuite passer à une activité plus détente entre amis, en vous laissant aller à une bonne petite partie de bowling, au cours de laquelle vous seront servies 2 boissons au choix (bière, vin ou soft), et un appétissant petit plateau de snacks locaux ! Par contre, si vous souhaitez faire mal au futur marié, c'est possible aussi avec un Paintball ! BON A SAVOI",Barcelone,"Le Laser Game on le sait, c'est une activité de combat basée sur la dernière technologie en matière de formation militaire. Lors du Laser Game, les canons tirent une lumière infrarouge, semblable à celle des télécommandes qui est totalement inoffensive et ne provoque pas de contusions. On y a tous eu le droit lorsqu'on était un peu plus jeunes, le samedi après-midi avec les potes, à la zone commerciale de notre ville, alors pourquoi pas ne pouvoir retenter l'expérience Laser Game pour son enterrement de vie de garçon. Vous aurez un briefing complet par notre instructeur et le matériel complet ",Berlin,"Le Laser Game, une belle alternative au Paintball si vous n'aimez pas les bleus et les bosses. Pour shooter le marié tout l'après midi sans l'abîmer ! C'est un jeu de combat basé sur la dernière technologie en matière de formation militaire. Les canons tirent une lumière infrarouge, semblable aux télécommandes, totalement inoffensive et ne provoquant aucune contusion. Pas besoin de vêtements de protection ou de masques ! Vous aurez un briefing complet par notre instructeur et le matériel complet sera fourni sur place. Une fois les instructions reçues, ce sera à vous de jouer ! Vous pourrez vou"
Canyoning,5,Annecy | Majorque | Marbella | Montpellier | Porto,53,"Assurance || Briefing et encadrement par un instructeur professionnel || Briefing de sécurité || Transfert A/R || 1 demi-journée de canyoning à Ango || Équipement complet pour la pratique du Canyoning || Initiation au Canyoning pendant 2h30 environ || 2 sauts (3 et 5 mètres), plusieurs toboggans et 3 descentes en rappel (6, 8 et 18 mètres) || Départ à 9h ou 13h30 || Conditions obligatoires : savoir nager et être âgé de 10 ans minimum",Annecy,"Le RDV est fixé au sud du lac, à 25min en voiture d'Annecy ou à une petite heure de vélo. Nous conseillons de louer un vélo et de vous y rendre après une balade agréable autour du lac. Débutez votre activité par une marche d’approche de 20 minutes en forêt pour accéder au départ du canyon. Une fois sur place suivez les instructions du guide et partez pour une descente de rivière sportive. L'initiation au canyoning à Annecy est accessible à tous ! Aucun niveau particulier n'est requis, il faut juste savoir nager. Au programme : sauts dans les vasques, descentes en rappel des cascades, et glissa",Majorque,"Réservez le canyoning pour votre enterrement de vie de garçons à Majorque! Une expérience immersive qui permet de découvrir la nature sous un angle différent, tout en offrant des sensations fortes et des souvenirs inoubliables! Le guide professionnel vous fournira toutes les informations nécessaires sur la sécurité, les techniques de base et les consignes à suivre tout au long de l'activité. Vous descendrez le canyon en suivant le cours de l'eau, en sautant dans des piscines naturelles, en glissant sur des toboggans naturels formés par l'érosion, et en effectuant des rappels le long des parois",Montpellier,"Vous avez RDV à environ 30minutes de Montpellier (25 minutes à 1 heure en fonction du niveau d'eau) pour 3 heures d'activité ! Puis, jettez vous à l'eau équipé de combinaison néoprène baudrier et casque pour la descente d'une rivière à la découverte de gorges magnifiques ! Au programme, des sauts progressifs de 1 à 10 mètres, des toboggans, des tyroliennes, des rappels..., et bien d'autres surprises ! Pour les plus sportifs, testez le Parcours Sportif ! BON A SAVOIR : L'activité est soumise aux conditions météorologiques. Prévoir de bonnes chaussures, un maillot de bain, un petit encas (barres"
Escape Room,22,Amsterdam | Annecy | Barcelone | Berlin | Bordeaux | Bratislava | Bruxelles | Bucarest | Budapest | Cracovie | Deauville | Lisbonne | Lyon | Madrid | Milan | Montpellier | Paris | Porto | Prague | Rome | Varsovie | Vilnius,464,"Plusieurs équipes de 1 à 6 personnes || Instructions de jeu || Codes d'accès || Vous jouez le jour et à l'horaire de votre choix, en toute autonomie || Disposez d'un forfait 3G/4G || Activez les données mobiles/géolocalisation/son || Les photos et vidéos réalisées sont automatiquement enregistrées dans votre smartphone || Jeu accessible depuis sur votre portable || Veillez à avoir un niveau de batterie suffisant || Escape game outdoor dans le centre-ville",Annecy,"L'Escape Room est située en centre-ville et est donc très facile d'accès. Une fois arrivés sur place, vous serez accueillis pour les membres de notre équipe passionnée et conviviale. Après avoir reçu toutes les instructions du jeu, vous aurez 60 minutes pour résoudre toutes les énigmes de nos scénarios basés sur l'histoire du débarquement, et trouver la sortie ! L'activité dure 1 heure et (pas de panique), l'équipe est à votre disposition pour vous aider si vous bloquez sur une énigme. C'est l'activité parfaite avant d'aller en Soirée Casino ! BON A SAVOIR : Pour les groupes supérieurs à 5 per",Bordeaux,"Lancez-vous dans un Escape Game en ville lors de votre journée d'enterrement de vie de garçon à Bordeaux ! Vous avez déjà testé l' Escape Room et êtes de grands fans du concept mais avez envie de quelque chose d'un peu différent qui marque le coup pour l'EVG de votre meilleur pote ? Optez pour l'Escape Game en ville ! Durant 1h, vous parcourrez les rues de la ville à la recherche de réponses aux énigmes qui vous seront posées. Vous aurez l'occasion de découvrir plusieurs quartiers très connus de Bordeaux, à travers cette course contre la montre. Et puisque c'est un EVG, pourquoi ne pas y ajout",Bratislava,"Qui aurait cru que vous auriez à réfléchir pour un EVG à Bratislava ? Rassurez-vous les gars, il est vrai que l'escape game c'est pas du car smash , mais c'est tout de même beaucoup plus fun qu'un Scrabble ! L'escape de Bratislava n'a rien à envier à SAW. Enfermés dans une pièce sans issue, tout le groupe avec invité à se creuser les méninges pour résoudre une à une les énigmes afin de vous échapper. Vous aurez ensuite 75 minutes pour résoudre toutes les énigmes et trouver la sortie de la pièce dans laquelle vous serez enfermés ! Mais l'escape game apéro de Bratislava n'est pas comme tous les "
Hydrospeed,2,Annecy | Bratislava,13,"7 km de descente en hydrospeed || Durée : environ 2h || L'encadrement par un moniteur || Le matériel nécessaire (combinaison, casque, gilet de sauvetage, flotteur en mousse, palmes) || 30 minutes d'instruction || 1h de descente dans les rapides || Présence de votre guide locale anglophone || Présence d'un instructeur local || Equipement complet || Transfert A/R en minibus privatisé",Annecy,"Équipés de palmes, d'un flotteur en mousse Hydrospeed et d'une combinaison isotherme spécifique à l'activité, la nage en eaux-vives vous permettra d'évoluer de manière individuelle, au gré du courant, de surfer avec les moindres vagues et d'affronter les rapides. Une activité accessible et très ludique qui permet de découvrir au plus près les mouvements d'eau d'une rivière. L'activité parfaite avant une Soirée Casino ! BON A SAVOIR : Le site se trouve à environ 1h15 d'Annecy. Il faudra prévoir également 2 paires de chaussures, maillot de bain, et serviette ! Bien sûr, il est impératif de savoi",Bratislava,"Le concept de l'Hydrospeed est simple, vous faites une descente sportive dans une rivière remplie de rapides. C'est une véritable activité de Man vs Wild ! Cette activité est vraiment idéale pour les fans d'aventure et de sensations. Rassurez-vous, un instructeur vous accueille pour vous donner les consignes et le matériel de sécurité. Si vous êtes plutôt épreuves collectives, nous pouvons vous proposer le rafting , toujours un grand moment entre potes. Vous vous rendrez sur le site de l'activité en minibus privatisé, accompagné de votre guide. À la fin de l'activité, la guide et le minibus vo",,
Rafting Eaux Vives,5,Annecy | Bratislava | Porto | Prague | Rome,43,"Guide locale || Équipement de rafting complet || Briefing et encadrement par un instructeur || 1 descente en rafting sportive de l'Isère || Durée de l'activité: 1h30 || Une descente de 16 km avec sauts, chavirements... || Bateau pour 8 personnes (mixé si le groupe est plus ou moins de 8) || L'activité a lieu à 1h de route d'Annecy || Saison : De début Mai à fin Septembre || 30 minutes d'instruction",Bratislava,"Une bonne petite activité à la fois nautique et sportive ça fait toujours du bien ! Pour votre EVG à Bratislava, faites une petite virée en rafting sur un vrai parcours de professionnel pour un grand moment de bonheur et d'eau fraîche. La guide et le minibus vous récupèrent à votre hébergement et vous accompagnent sur le site de l'activité où les instructeurs vous brieferont sur tout ce qu'il y a à savoir. Puis pendant environ une heure, c'est partie pour l'éclate totale ! Le retour s'effectue comme à l'aller en minibus. En quête de nouvelles sensations ? Dans ce cas venez découvrir l'hydrospe",Rome,"Surfez sur le Tibre avec notre Soft Rafting dans Rome lors votre enterrement de vie de garçon ! Situé au nord de Rome, cette activité est accessible en tramway. Le transfert n'est pas inclus, cependant vous pouvez ajouter un transfert en minibus privatisé sur demande si vous le désirez. Le départ se fera d'un point un peu excentré, dans la zone de Porta del Popolo. Il est très facilement accessible en métro notamment. Vous serez accompagnés par nos instructeurs locaux pour votre activité Rafting, le long du fleuve qui traverse la ville de Rome, le « blond » Tibre! Le parcours sur lequel vous n",Prague,"Sautez dans le pneumatique et essayez de survivre au rafting sur la rivière Vltava pendant votre enterrement de vie de garçon à Prague. Votre guide locale viendra vous chercher devant votre hébergement et vous accompagne sur le lieu d'activité, situé à environ 40 km de Prague. Un snack et une bière vous attendent après le rafting. Important : Cette activité s'effectue très souvent le matin."
